Hannah,Joshua,Hannah@HMJ,Hannah123,
Leena,Jemima,Leena@HMJ,Leena123,
Joshua,Sant,Joshua@HMJ,Joshua123,
Jane,Green,Jane@HMJ,Jane123,
Alice,Colin,Alice@HMJ,Alice123,
Anne,Andrew,Anne@HMJ,Anne123,
Vanessa,Adam,Vanessa@HMJ,Vanessa123,
Austin,Blake,Austin@HMJ,Austin123,
Phil,Brown,Phil@HMJ,Phil123,
Paul,Bailey,Paul@HMJ,Paul123,
